{"cameraMode":{"drawMode":0,"name":"Shaded","section":"Shading Mode"},"sceneLighting":true,"audioPlay":false,"sceneViewState":{"m_AlwaysRefresh":false,"showFog":true,"showSkybox":false,"showFlares":true,"showImageEffects":true,"showParticleSystems":true,"showVisualEffectGraphs":true,"m_FxEnabled":true},"in2DMode":false,"pivot":{"x":51.94934844970703,"y":16.487018585205079,"z":-8.216724395751954},"rotation":{"x":-0.007976681925356388,"y":-0.4463178813457489,"z":0.0048762354999780659,"w":-0.8950718641281128},"size":63.84979248046875,"orthographic":false}